timestamp,price,volume
2025-06-21 00:00:00,100.0,1646
2025-06-21 00:01:00,100.02618950778998,9789
2025-06-21 00:02:00,100.01890764213765,9853
2025-06-21 00:03:00,100.05306305602036,5330
2025-06-21 00:04:00,100.13341556800445,8003
2025-06-21 00:05:00,100.12106585213505,4537
2025-06-21 00:06:00,100.1087185256218,5558
2025-06-21 00:07:00,100.19208248023061,7579
2025-06-21 00:08:00,100.2326226915479,9474
2025-06-21 00:09:00,100.20783168684679,5082
2025-06-21 00:10:00,100.23649760053368,5183
2025-06-21 00:11:00,100.21202552949742,9652
2025-06-21 00:12:00,100.18743734837378,4754
2025-06-21 00:13:00,100.200221555856,2724
2025-06-21 00:14:00,100.09923881032768,2376
2025-06-21 00:15:00,100.0082857367436,9706
2025-06-21 00:16:00,99.97865946048515,9894
2025-06-21 00:17:00,99.92531114644339,2653
2025-06-21 00:18:00,99.94186937592609,3066
2025-06-21 00:19:00,99.89405850482572,1022
2025-06-21 00:20:00,99.819737020094,3460
2025-06-21 00:21:00,99.89688097221978,6926
2025-06-21 00:22:00,99.88500143065455,7251
2025-06-21 00:23:00,99.88856338665214,8295
2025-06-21 00:24:00,99.81359132883699,4300
2025-06-21 00:25:00,99.78496436090755,7279
2025-06-21 00:26:00,99.79080502386621,9553
2025-06-21 00:27:00,99.73029452253326,8353
2025-06-21 00:28:00,99.7500510245907,4727
2025-06-21 00:29:00,99.71848563351203,7272
2025-06-21 00:30:00,99.7031634041407,6995
2025-06-21 00:31:00,99.67155675080751,1514
2025-06-21 00:32:00,99.7689141838475,1448
2025-06-21 00:33:00,99.76821139238164,7019
2025-06-21 00:34:00,99.71261676898942,6343
2025-06-21 00:35:00,99.75586040495052,9033
2025-06-21 00:36:00,99.69170095327554,3520
2025-06-21 00:37:00,99.7026826213247,4081
2025-06-21 00:38:00,99.59976609479489,2428
2025-06-21 00:39:00,99.53007602269552,4967
2025-06-21 00:40:00,99.54041021215323,7445
2025-06-21 00:41:00,99.57916639862316,3159
2025-06-21 00:42:00,99.58816761281818,6132
2025-06-21 00:43:00,99.5821046155728,3547
2025-06-21 00:44:00,99.56630954377064,3979
2025-06-21 00:45:00,99.48875967674853,3649
2025-06-21 00:46:00,99.45102858135672,9505
2025-06-21 00:47:00,99.42689389988445,4083
2025-06-21 00:48:00,99.48231216916227,2037
2025-06-21 00:49:00,99.50033722975411,4489
2025-06-21 00:50:00,99.40793098861676,8604
2025-06-21 00:51:00,99.42491893858764,8544
2025-06-21 00:52:00,99.40474898731807,3634
2025-06-21 00:53:00,99.36929765879401,4983
2025-06-21 00:54:00,99.40134457010177,2778
2025-06-21 00:55:00,99.45537930023885,8902
2025-06-21 00:56:00,99.50421364920146,6110
2025-06-21 00:57:00,99.46021893039615,6189
2025-06-21 00:58:00,99.44401820150527,8378
2025-06-21 00:59:00,99.46138867057054,2124
2025-06-21 01:00:00,99.51254754180171,1697
2025-06-21 01:01:00,99.48742602869834,3179
2025-06-21 01:02:00,99.47769848171353,6251
2025-06-21 01:03:00,99.41971786923395,2929
2025-06-21 01:04:00,99.35706474106506,2013
2025-06-21 01:05:00,99.39962929675927,1226
2025-06-21 01:06:00,99.47071258416659,8321
2025-06-21 01:07:00,99.46694438445363,2828
2025-06-21 01:08:00,99.51957410083692,8909
2025-06-21 01:09:00,99.53855114441613,6588
2025-06-21 01:10:00,99.50471990722917,3023
2025-06-21 01:11:00,99.52368150744581,5966
2025-06-21 01:12:00,99.6043966646857,6891
2025-06-21 01:13:00,99.60252287100546,2080
2025-06-21 01:14:00,99.68469985517042,6036
2025-06-21 01:15:00,99.54716439733706,3563
2025-06-21 01:16:00,99.59030256031735,4292
2025-06-21 01:17:00,99.59487856872775,4586
2025-06-21 01:18:00,99.57919149289279,5431
2025-06-21 01:19:00,99.58401439125092,7841
2025-06-21 01:20:00,99.47975760162447,7643
2025-06-21 01:21:00,99.46824768302412,4959
2025-06-21 01:22:00,99.48697775520962,1161
2025-06-21 01:23:00,99.56450711014361,1593
2025-06-21 01:24:00,99.53732145352092,4390
2025-06-21 01:25:00,99.49492319752075,6997
2025-06-21 01:26:00,99.46862223274911,7354
2025-06-21 01:27:00,99.51663028163956,1663
2025-06-21 01:28:00,99.53388164040469,1541
2025-06-21 01:29:00,99.50610175962798,6433
2025-06-21 01:30:00,99.53303027457157,6093
2025-06-21 01:31:00,99.53812986110793,1867
2025-06-21 01:32:00,99.58896602988476,9623
2025-06-21 01:33:00,99.55213040138328,6469
2025-06-21 01:34:00,99.53494683047188,7256
2025-06-21 01:35:00,99.51438605978788,2169
2025-06-21 01:36:00,99.43766312446417,1830
2025-06-21 01:37:00,99.45319038757187,2651
2025-06-21 01:38:00,99.46688182275325,2136
2025-06-21 01:39:00,99.46715679661557,3810
2025-06-21 01:40:00,99.45486651571451,9667
2025-06-21 01:41:00,99.3807111448591,2019
2025-06-21 01:42:00,99.35868782784655,6237
2025-06-21 01:43:00,99.34074954417001,2283
2025-06-21 01:44:00,99.29876035018445,1659
2025-06-21 01:45:00,99.29032670961327,3010
2025-06-21 01:46:00,99.31148008032862,9590
2025-06-21 01:47:00,99.4102623353215,2733
2025-06-21 01:48:00,99.41941645677775,3125
2025-06-21 01:49:00,99.43291956628786,3171
2025-06-21 01:50:00,99.42902515356543,9266
2025-06-21 01:51:00,99.32853217042312,4471
2025-06-21 01:52:00,99.32715105702403,6624
2025-06-21 01:53:00,99.33031105680794,9691
2025-06-21 01:54:00,99.45935654696974,9329
2025-06-21 01:55:00,99.4492804633994,3097
2025-06-21 01:56:00,99.46509404161115,6068
2025-06-21 01:57:00,99.46328128047921,7397
2025-06-21 01:58:00,99.40204289693877,3757
2025-06-21 01:59:00,99.46193972777607,4920
2025-06-21 02:00:00,99.50137156454392,9186
2025-06-21 02:01:00,99.54287028666825,2900
2025-06-21 02:02:00,99.49517879778914,3610
2025-06-21 02:03:00,99.56877343061534,7900
2025-06-21 02:04:00,99.49524207916183,2449
2025-06-21 02:05:00,99.52602771296021,9738
2025-06-21 02:06:00,99.64100094306468,6017
2025-06-21 02:07:00,99.58900300522971,8999
2025-06-21 02:08:00,99.55929051166724,7052
2025-06-21 02:09:00,99.56452650483007,3096
2025-06-21 02:10:00,99.53811698038538,9895
2025-06-21 02:11:00,99.45680746542784,7404
2025-06-21 02:12:00,99.46040839466592,4331
2025-06-21 02:13:00,99.40474467033224,8462
2025-06-21 02:14:00,99.42956660595505,6105
2025-06-21 02:15:00,99.38140368760436,3978
2025-06-21 02:16:00,99.46262715494257,3839
2025-06-21 02:17:00,99.42158329303408,4384
2025-06-21 02:18:00,99.40471567724997,1685
2025-06-21 02:19:00,99.44735260892514,8531
2025-06-21 02:20:00,99.38286670100455,5283
2025-06-21 02:21:00,99.39478852564115,8736
2025-06-21 02:22:00,99.46329455250212,8710
2025-06-21 02:23:00,99.37907004123332,2619
2025-06-21 02:24:00,99.38874804948227,7868
2025-06-21 02:25:00,99.40236918734624,2431
2025-06-21 02:26:00,99.44334395859875,5713
2025-06-21 02:27:00,99.37854186191436,5998
2025-06-21 02:28:00,99.30941114358008,1162
2025-06-21 02:29:00,99.33674056344896,2974
2025-06-21 02:30:00,99.35229733001528,4291
2025-06-21 02:31:00,99.36542171811377,9461
2025-06-21 02:32:00,99.38357382985551,1631
2025-06-21 02:33:00,99.3479675915102,1905
2025-06-21 02:34:00,99.36013626621585,3014
2025-06-21 02:35:00,99.37549179312612,8896
2025-06-21 02:36:00,99.33809123341922,1204
2025-06-21 02:37:00,99.43583024648399,1581
2025-06-21 02:38:00,99.46067255094387,6675
2025-06-21 02:39:00,99.39825047573854,6347
2025-06-21 02:40:00,99.43265852003705,3643
2025-06-21 02:41:00,99.38159974906085,9017
2025-06-21 02:42:00,99.42284167559805,3297
2025-06-21 02:43:00,99.4835780404238,1874
2025-06-21 02:44:00,99.44056386667614,6560
2025-06-21 02:45:00,99.4910739259922,1689
2025-06-21 02:46:00,99.5127279370554,5000
2025-06-21 02:47:00,99.55585944947937,1671
2025-06-21 02:48:00,99.65544189605339,8927
2025-06-21 02:49:00,99.64256112180068,2171
2025-06-21 02:50:00,99.60299251002382,6591
2025-06-21 02:51:00,99.5563149640582,7342
2025-06-21 02:52:00,99.51352486992421,2449
2025-06-21 02:53:00,99.50948801406541,3539
2025-06-21 02:54:00,99.52738862665524,4959
2025-06-21 02:55:00,99.54191056279915,7285
2025-06-21 02:56:00,99.58532361423143,6432
2025-06-21 02:57:00,99.58601295052428,5260
2025-06-21 02:58:00,99.6623399266678,3361
2025-06-21 02:59:00,99.64844627532298,7164
2025-06-21 03:00:00,99.79141715764707,4670
2025-06-21 03:01:00,99.82433629932657,2753
2025-06-21 03:02:00,99.77925660168054,9100
2025-06-21 03:03:00,99.72296301603949,2938
2025-06-21 03:04:00,99.74833124995004,9562
2025-06-21 03:05:00,99.73659098532565,6976
2025-06-21 03:06:00,99.7741369832376,7588
2025-06-21 03:07:00,99.7990324959,9616
2025-06-21 03:08:00,99.79520879289414,7304
2025-06-21 03:09:00,99.75068710789704,8345
2025-06-21 03:10:00,99.67108540438745,8875
2025-06-21 03:11:00,99.6476390846473,7633
2025-06-21 03:12:00,99.69263329709052,1597
2025-06-21 03:13:00,99.7038899042902,4062
2025-06-21 03:14:00,99.63845652491102,3336
2025-06-21 03:15:00,99.64755829650353,1572
2025-06-21 03:16:00,99.66780370796639,8521
2025-06-21 03:17:00,99.62139280961458,7171
2025-06-21 03:18:00,99.6294714049329,8097
2025-06-21 03:19:00,99.63253487224544,3090
2025-06-21 03:20:00,99.57254139724577,7566
2025-06-21 03:21:00,99.59132652729402,5624
2025-06-21 03:22:00,99.62077294812956,2633
2025-06-21 03:23:00,99.67766144600563,2517
2025-06-21 03:24:00,99.73304496580357,4648
2025-06-21 03:25:00,99.66066245444608,2537
2025-06-21 03:26:00,99.61142155120817,4137
2025-06-21 03:27:00,99.63847140412496,7985
2025-06-21 03:28:00,99.66546297803336,1097
2025-06-21 03:29:00,99.69252815863244,4750
2025-06-21 03:30:00,99.89517319768039,9535
2025-06-21 03:31:00,99.9252416901707,9174
2025-06-21 03:32:00,99.98507135534892,9103
2025-06-21 03:33:00,100.0353637445996,6413
2025-06-21 03:34:00,100.06972006405876,5666
2025-06-21 03:35:00,100.05310066061483,1610
2025-06-21 03:36:00,100.0931380483937,2727
2025-06-21 03:37:00,100.05238389665827,2854
2025-06-21 03:38:00,100.03990364842423,6055
2025-06-21 03:39:00,100.01432275401602,3324
2025-06-21 03:40:00,100.01864555695204,6774
2025-06-21 03:41:00,100.14074293129802,7519
2025-06-21 03:42:00,100.04224633022535,2749
2025-06-21 03:43:00,100.07844419261434,1781
2025-06-21 03:44:00,99.99342301244835,8548
2025-06-21 03:45:00,99.9685616902003,7823
2025-06-21 03:46:00,100.02595979650789,3105
2025-06-21 03:47:00,100.02935553434716,4867
2025-06-21 03:48:00,99.97255979916616,8193
2025-06-21 03:49:00,99.93488437186424,5976
2025-06-21 03:50:00,99.97069234872998,3113
2025-06-21 03:51:00,99.93222427438405,6879
2025-06-21 03:52:00,99.94363250251664,4970
2025-06-21 03:53:00,99.9460399650353,8264
2025-06-21 03:54:00,99.91172897391542,2577
2025-06-21 03:55:00,100.02469576042121,3274
2025-06-21 03:56:00,100.05812700921086,5869
2025-06-21 03:57:00,99.95139449674943,7744
2025-06-21 03:58:00,99.96122414990408,3426
2025-06-21 03:59:00,99.92637148445341,6546
2025-06-21 04:00:00,99.97128261554786,7852
2025-06-21 04:01:00,99.92954075951128,3551
2025-06-21 04:02:00,99.92350500069271,7411
2025-06-21 04:03:00,99.95011028835752,1007
2025-06-21 04:04:00,99.99573417989497,9087
2025-06-21 04:05:00,99.93250264784213,3555
2025-06-21 04:06:00,99.91489327581198,1475
2025-06-21 04:07:00,99.88989283061166,6416
2025-06-21 04:08:00,99.85551012591046,9676
2025-06-21 04:09:00,99.9484734709545,8239
2025-06-21 04:10:00,99.96981610246547,7710
2025-06-21 04:11:00,99.90341074878368,6000
2025-06-21 04:12:00,99.95175822800955,5654
2025-06-21 04:13:00,100.06362121430219,9078
2025-06-21 04:14:00,100.11809330146097,7063
2025-06-21 04:15:00,100.037959945232,3285
2025-06-21 04:16:00,100.01243908378659,6223
2025-06-21 04:17:00,100.07924872026716,7971
2025-06-21 04:18:00,100.04193561431654,4525
2025-06-21 04:19:00,100.06534644744686,3822
2025-06-21 04:20:00,100.10621521821504,5943
2025-06-21 04:21:00,100.05732869544643,7530
2025-06-21 04:22:00,100.05419663261469,1258
2025-06-21 04:23:00,99.88342710670086,1282
2025-06-21 04:24:00,99.82952156272411,2898
2025-06-21 04:25:00,99.81624056171367,5135
2025-06-21 04:26:00,99.7506259683004,7629
2025-06-21 04:27:00,99.83649090979088,4200
2025-06-21 04:28:00,99.76127436733883,6110
2025-06-21 04:29:00,99.73814696173217,8167
2025-06-21 04:30:00,99.74502671537196,1612
2025-06-21 04:31:00,99.82083052189857,1687
2025-06-21 04:32:00,99.74532503413816,4690
2025-06-21 04:33:00,99.80649869833903,9804
2025-06-21 04:34:00,99.80704391689609,3307
2025-06-21 04:35:00,99.75543396449254,8133
2025-06-21 04:36:00,99.77973927997424,7509
2025-06-21 04:37:00,99.79021501777937,6906
2025-06-21 04:38:00,99.75865909483977,3591
2025-06-21 04:39:00,99.76233610451484,8183
2025-06-21 04:40:00,99.74208554271696,6248
2025-06-21 04:41:00,99.74806010686086,9766
2025-06-21 04:42:00,99.78288254103971,6108
2025-06-21 04:43:00,99.86633328322361,4604
2025-06-21 04:44:00,99.80121005848754,1669
2025-06-21 04:45:00,99.91347733576083,5364
2025-06-21 04:46:00,99.81074208616721,8329
2025-06-21 04:47:00,99.80276469957386,2283
2025-06-21 04:48:00,99.83372231316004,1923
2025-06-21 04:49:00,99.84851528868593,2125
2025-06-21 04:50:00,99.81575816671798,2529
2025-06-21 04:51:00,99.8048169018553,9438
2025-06-21 04:52:00,99.7788944843209,4711
2025-06-21 04:53:00,99.7479126546827,9004
2025-06-21 04:54:00,99.79259466888796,7274
2025-06-21 04:55:00,99.81138070906046,4864
2025-06-21 04:56:00,99.77494363354735,8833
2025-06-21 04:57:00,99.82226815246351,7788
2025-06-21 04:58:00,99.83844371618842,1226
2025-06-21 04:59:00,99.88123219790953,1264
2025-06-21 05:00:00,99.91438957784025,1645
2025-06-21 05:01:00,99.87075158005443,8544
2025-06-21 05:02:00,99.84127689211144,6569
2025-06-21 05:03:00,99.8806148899918,3990
2025-06-21 05:04:00,99.91275792926692,3504
2025-06-21 05:05:00,99.91166422397953,1587
2025-06-21 05:06:00,99.91784958738121,5079
2025-06-21 05:07:00,99.9851627233342,4348
2025-06-21 05:08:00,99.95400060012682,7299
2025-06-21 05:09:00,99.98283299907358,4831
2025-06-21 05:10:00,99.97218585020778,9381
2025-06-21 05:11:00,99.96072383413966,2715
2025-06-21 05:12:00,100.01863542453324,7450
2025-06-21 05:13:00,100.06216320746222,6433
2025-06-21 05:14:00,100.10508173326534,2098
2025-06-21 05:15:00,100.17398946629692,8096
2025-06-21 05:16:00,100.17510535475482,3326
2025-06-21 05:17:00,100.21112379905307,7416
2025-06-21 05:18:00,100.19474507890045,7980
2025-06-21 05:19:00,100.21187183971902,7763
2025-06-21 05:20:00,100.20500536031889,2674
2025-06-21 05:21:00,100.21013506666927,8950
2025-06-21 05:22:00,100.24158040196214,9915
2025-06-21 05:23:00,100.19836848407574,7049
2025-06-21 05:24:00,100.30893364980594,2089
2025-06-21 05:25:00,100.25576913587194,5578
2025-06-21 05:26:00,100.19163958334855,1155
2025-06-21 05:27:00,100.25281998789092,2958
2025-06-21 05:28:00,100.29466545546339,7344
2025-06-21 05:29:00,100.32766877911742,6779
2025-06-21 05:30:00,100.36090648003729,7144
2025-06-21 05:31:00,100.36026566047475,6063
2025-06-21 05:32:00,100.31282402137049,4830
2025-06-21 05:33:00,100.3168388169984,9831
2025-06-21 05:34:00,100.2810495348566,7659
2025-06-21 05:35:00,100.33260751132873,1441
2025-06-21 05:36:00,100.32483839605075,7040
2025-06-21 05:37:00,100.28120600237611,6925
2025-06-21 05:38:00,100.26422825042918,8358
2025-06-21 05:39:00,100.28605849299376,5628
2025-06-21 05:40:00,100.25627399791239,7370
2025-06-21 05:41:00,100.212844493688,1948
2025-06-21 05:42:00,100.22572306068083,9179
2025-06-21 05:43:00,100.23867087180672,7115
2025-06-21 05:44:00,100.2118993885004,1459
2025-06-21 05:45:00,100.18703092939063,8568
2025-06-21 05:46:00,100.19929161661048,5646
2025-06-21 05:47:00,100.12285489758605,1392
2025-06-21 05:48:00,100.04861839788087,2787
2025-06-21 05:49:00,100.01074876986806,8374
2025-06-21 05:50:00,99.99950548523827,2138
2025-06-21 05:51:00,100.0158999598541,5741
2025-06-21 05:52:00,100.09370761866272,8418
2025-06-21 05:53:00,100.13896978967858,7362
2025-06-21 05:54:00,100.13053588382284,3454
2025-06-21 05:55:00,100.12953929184897,4674
2025-06-21 05:56:00,100.07665383369526,2377
2025-06-21 05:57:00,100.07568431228684,7701
2025-06-21 05:58:00,100.06046725859116,3597
2025-06-21 05:59:00,100.07749470215998,1141
2025-06-21 06:00:00,100.03387847354652,3659
2025-06-21 06:01:00,100.06127040784726,5596
2025-06-21 06:02:00,100.1421419494066,6661
2025-06-21 06:03:00,100.13640875690436,7142
2025-06-21 06:04:00,100.15761890408882,6626
2025-06-21 06:05:00,100.19406360257831,9787
2025-06-21 06:06:00,100.17288558639889,9472
2025-06-21 06:07:00,100.18472437220295,1423
2025-06-21 06:08:00,100.1853962354976,7999
2025-06-21 06:09:00,100.19056085250357,5249
2025-06-21 06:10:00,100.14975729165016,2750
2025-06-21 06:11:00,100.15105798911331,5757
2025-06-21 06:12:00,100.17735485828553,2967
2025-06-21 06:13:00,100.25400875523837,5088
2025-06-21 06:14:00,100.30471496952869,5178
2025-06-21 06:15:00,100.41861503372667,8789
2025-06-21 06:16:00,100.3780181485368,3946
2025-06-21 06:17:00,100.42418486214707,6394
2025-06-21 06:18:00,100.43389626659729,8880
2025-06-21 06:19:00,100.54988368432838,6075
2025-06-21 06:20:00,100.50706447038456,8230
2025-06-21 06:21:00,100.46259964895998,2531
2025-06-21 06:22:00,100.43087473078441,3990
2025-06-21 06:23:00,100.31852314487763,8155
2025-06-21 06:24:00,100.29073597598523,5493
2025-06-21 06:25:00,100.25062483678207,1933
2025-06-21 06:26:00,100.25857842829036,2460
2025-06-21 06:27:00,100.27664571533866,3723
2025-06-21 06:28:00,100.37585816721315,1285
2025-06-21 06:29:00,100.42615774481384,1264
2025-06-21 06:30:00,100.3956342906976,7816
2025-06-21 06:31:00,100.34811456629494,2762
2025-06-21 06:32:00,100.37414158001894,1040
2025-06-21 06:33:00,100.3043301027859,6827
2025-06-21 06:34:00,100.40120392968466,9259
2025-06-21 06:35:00,100.46364165701958,1987
2025-06-21 06:36:00,100.43880932705724,8804
2025-06-21 06:37:00,100.34817090479255,8789
2025-06-21 06:38:00,100.41980720894993,6717
2025-06-21 06:39:00,100.4137522423672,4198
2025-06-21 06:40:00,100.47928916741108,6374
2025-06-21 06:41:00,100.39489512629822,5790
2025-06-21 06:42:00,100.36319252058195,8183
2025-06-21 06:43:00,100.3634768616373,3524
2025-06-21 06:44:00,100.36596895699628,3479
2025-06-21 06:45:00,100.34217140570469,6154
2025-06-21 06:46:00,100.37512318194925,1778
2025-06-21 06:47:00,100.3186664221191,2492
2025-06-21 06:48:00,100.31114569995705,1660
2025-06-21 06:49:00,100.3175127316087,2348
2025-06-21 06:50:00,100.3447227830632,8851
2025-06-21 06:51:00,100.3823714993055,8156
2025-06-21 06:52:00,100.32289560780971,3044
2025-06-21 06:53:00,100.24181936020045,8368
2025-06-21 06:54:00,100.30935138016888,4516
2025-06-21 06:55:00,100.32692855351296,5577
2025-06-21 06:56:00,100.2873656500234,1727
2025-06-21 06:57:00,100.36939396000325,8468
2025-06-21 06:58:00,100.37552022601848,1342
2025-06-21 06:59:00,100.43793441469873,2447
2025-06-21 07:00:00,100.44151557387687,7581
2025-06-21 07:01:00,100.5506723064938,7317
2025-06-21 07:02:00,100.64374637705293,1526
2025-06-21 07:03:00,100.63054819933278,7748
2025-06-21 07:04:00,100.68209755201674,1405
2025-06-21 07:05:00,100.71635668102091,8986
2025-06-21 07:06:00,100.78903983670618,4740
2025-06-21 07:07:00,100.73780265856215,2846
2025-06-21 07:08:00,100.77424110492021,2478
2025-06-21 07:09:00,100.8304795597537,1771
2025-06-21 07:10:00,100.73706634728775,6525
2025-06-21 07:11:00,100.67427006615442,9770
2025-06-21 07:12:00,100.56613351730581,1193
2025-06-21 07:13:00,100.5518621416639,3007
2025-06-21 07:14:00,100.58990281790803,2185
2025-06-21 07:15:00,100.6695896113929,3394
2025-06-21 07:16:00,100.67352796558333,5005
2025-06-21 07:17:00,100.75998576282194,8429
2025-06-21 07:18:00,100.68672887350914,3261
2025-06-21 07:19:00,100.59638376684572,4736
2025-06-21 07:20:00,100.59344571496803,7716
2025-06-21 07:21:00,100.61381691495941,5875
2025-06-21 07:22:00,100.61209017524703,9921
2025-06-21 07:23:00,100.50252613916486,5378
2025-06-21 07:24:00,100.4978125866962,8815
2025-06-21 07:25:00,100.42874947367748,4451
2025-06-21 07:26:00,100.46420887522648,8616
2025-06-21 07:27:00,100.48362884445893,3800
2025-06-21 07:28:00,100.43387256077261,9333
2025-06-21 07:29:00,100.40668254555794,6410
2025-06-21 07:30:00,100.35065267054743,2455
2025-06-21 07:31:00,100.34734463164841,7892
2025-06-21 07:32:00,100.39787959577899,6808
2025-06-21 07:33:00,100.34574107884771,7796
2025-06-21 07:34:00,100.37240902238341,5796
2025-06-21 07:35:00,100.34436880249505,6093
2025-06-21 07:36:00,100.30245255552214,2325
2025-06-21 07:37:00,100.29680162355483,5976
2025-06-21 07:38:00,100.24209950913428,2159
2025-06-21 07:39:00,100.21286021073423,5650
2025-06-21 07:40:00,100.14961903824661,5987
2025-06-21 07:41:00,100.25338474944009,5697
2025-06-21 07:42:00,100.25525499059054,1340
2025-06-21 07:43:00,100.2182958596568,4828
2025-06-21 07:44:00,100.22960580773916,2968
2025-06-21 07:45:00,100.22367914218258,1703
2025-06-21 07:46:00,100.21201461058911,6482
2025-06-21 07:47:00,100.24446487775081,7376
2025-06-21 07:48:00,100.28450159456014,2800
2025-06-21 07:49:00,100.25647306461444,6463
2025-06-21 07:50:00,100.22605852003569,5912
2025-06-21 07:51:00,100.21153726438109,5648
2025-06-21 07:52:00,100.09003939702147,1855
2025-06-21 07:53:00,100.01014876448731,3866
2025-06-21 07:54:00,100.0822295833157,1182
2025-06-21 07:55:00,100.16904286526824,4112
2025-06-21 07:56:00,100.15590314411992,6670
2025-06-21 07:57:00,100.18634932078669,5492
2025-06-21 07:58:00,100.20279252025664,6823
2025-06-21 07:59:00,100.3655318289295,2517
2025-06-21 08:00:00,100.4247787463578,6002
2025-06-21 08:01:00,100.41801546108057,2356
2025-06-21 08:02:00,100.36746324167372,4629
2025-06-21 08:03:00,100.28252789407836,4628
2025-06-21 08:04:00,100.29328920748075,9210
2025-06-21 08:05:00,100.25332403829303,7132
2025-06-21 08:06:00,100.17820991149524,7588
2025-06-21 08:07:00,100.14408456957284,4311
2025-06-21 08:08:00,100.08702307008522,7048
2025-06-21 08:09:00,100.17606715964087,7246
2025-06-21 08:10:00,100.22263324327123,1987
2025-06-21 08:11:00,100.22221907344601,4321
2025-06-21 08:12:00,100.3004297696839,5615
2025-06-21 08:13:00,100.30452673703968,9365
2025-06-21 08:14:00,100.25901213321592,4741
2025-06-21 08:15:00,100.33953502542818,4052
2025-06-21 08:16:00,100.36804553469084,7574
2025-06-21 08:17:00,100.31319862162813,1726
2025-06-21 08:18:00,100.303142943464,4760
2025-06-21 08:19:00,100.2568715532288,6806
2025-06-21 08:20:00,100.18383797681429,2875
2025-06-21 08:21:00,100.23276045640286,7993
2025-06-21 08:22:00,100.33368752782673,5033
2025-06-21 08:23:00,100.25976479320435,6443
2025-06-21 08:24:00,100.28952433053074,1989
2025-06-21 08:25:00,100.25514603103463,4744
2025-06-21 08:26:00,100.22941702768259,9611
2025-06-21 08:27:00,100.19813534102684,1593
2025-06-21 08:28:00,100.15252614745464,2774
2025-06-21 08:29:00,100.15509435032651,1935
2025-06-21 08:30:00,100.11124806600277,4808
2025-06-21 08:31:00,100.12552622023742,1331
2025-06-21 08:32:00,100.12288210379995,8922
2025-06-21 08:33:00,100.11028070663959,3702
2025-06-21 08:34:00,100.06241355084488,6889
2025-06-21 08:35:00,100.03200762925403,6054
2025-06-21 08:36:00,100.07184786387302,4868
2025-06-21 08:37:00,100.09827792509834,5200
2025-06-21 08:38:00,100.0467258363235,1201
2025-06-21 08:39:00,100.05197063988147,3497
2025-06-21 08:40:00,100.09160759699016,2842
2025-06-21 08:41:00,100.0035872878541,5658
2025-06-21 08:42:00,100.03223695957809,8544
2025-06-21 08:43:00,99.99731540656683,8718
2025-06-21 08:44:00,100.02739925826359,1770
2025-06-21 08:45:00,99.98717598248331,4155
2025-06-21 08:46:00,99.8921147035541,2628
2025-06-21 08:47:00,99.80647189930481,1386
2025-06-21 08:48:00,99.80900825716635,7031
2025-06-21 08:49:00,99.82267855813308,7439
2025-06-21 08:50:00,99.77511966653428,7401
2025-06-21 08:51:00,99.80871333978352,5008
2025-06-21 08:52:00,99.72135623580286,3466
2025-06-21 08:53:00,99.71789021430617,3282
2025-06-21 08:54:00,99.65427134377744,2856
2025-06-21 08:55:00,99.6200481369685,8980
2025-06-21 08:56:00,99.62254372392027,2998
2025-06-21 08:57:00,99.57738428268691,6476
2025-06-21 08:58:00,99.55721103986501,5669
2025-06-21 08:59:00,99.61003341067685,5318
2025-06-21 09:00:00,99.57975862737703,8064
2025-06-21 09:01:00,99.6236349530468,8446
2025-06-21 09:02:00,99.56434283407309,2431
2025-06-21 09:03:00,99.59215511488793,6624
2025-06-21 09:04:00,99.66785825633896,8461
2025-06-21 09:05:00,99.538115266093,2819
2025-06-21 09:06:00,99.49632487779081,2130
2025-06-21 09:07:00,99.52659757367874,7563
2025-06-21 09:08:00,99.51595428374563,3658
2025-06-21 09:09:00,99.53542952035158,4500
2025-06-21 09:10:00,99.50375654437634,9566
2025-06-21 09:11:00,99.5083045938288,3120
2025-06-21 09:12:00,99.50014727094076,5020
2025-06-21 09:13:00,99.56141290641199,4259
2025-06-21 09:14:00,99.57477106144145,2823
2025-06-21 09:15:00,99.59249711461611,2474
2025-06-21 09:16:00,99.57088701349383,3242
2025-06-21 09:17:00,99.5453083878359,4243
2025-06-21 09:18:00,99.52262372735176,7990
2025-06-21 09:19:00,99.54332300030225,6160
2025-06-21 09:20:00,99.52124585797793,4134
2025-06-21 09:21:00,99.53645328927921,3070
2025-06-21 09:22:00,99.6453959609663,1359
2025-06-21 09:23:00,99.69116288416132,2141
2025-06-21 09:24:00,99.67404139604393,2635
2025-06-21 09:25:00,99.73717147126374,5000
2025-06-21 09:26:00,99.71572976972313,4361
2025-06-21 09:27:00,99.60868096048115,7583
2025-06-21 09:28:00,99.55577902808567,8835
2025-06-21 09:29:00,99.45767291976607,1006
2025-06-21 09:30:00,99.43925561831045,4267
2025-06-21 09:31:00,99.44022781904893,7564
2025-06-21 09:32:00,99.52813496959779,5928
2025-06-21 09:33:00,99.54529264041231,3606
2025-06-21 09:34:00,99.53380511220894,6906
2025-06-21 09:35:00,99.57733126068432,4273
2025-06-21 09:36:00,99.46136126143665,8611
2025-06-21 09:37:00,99.4737200257641,1913
2025-06-21 09:38:00,99.51414949252491,3011
2025-06-21 09:39:00,99.43663688426628,2442
2025-06-21 09:40:00,99.49660339343401,6546
2025-06-21 09:41:00,99.51436240714602,2829
2025-06-21 09:42:00,99.49259039939209,9767
2025-06-21 09:43:00,99.52578415343602,7468
2025-06-21 09:44:00,99.64497087278555,1929
2025-06-21 09:45:00,99.65452941403262,4699
2025-06-21 09:46:00,99.66757436604325,2054
2025-06-21 09:47:00,99.6434542430271,6744
2025-06-21 09:48:00,99.598840121785,2900
2025-06-21 09:49:00,99.64244356247482,7980
2025-06-21 09:50:00,99.59750236859146,8069
2025-06-21 09:51:00,99.60126604638681,4415
2025-06-21 09:52:00,99.57620173976478,1442
2025-06-21 09:53:00,99.60134929752303,7218
2025-06-21 09:54:00,99.61887318784146,5652
2025-06-21 09:55:00,99.67336975085641,8939
2025-06-21 09:56:00,99.6465878459045,8833
2025-06-21 09:57:00,99.63242238291605,8597
2025-06-21 09:58:00,99.58104679141934,5458
2025-06-21 09:59:00,99.55773822760706,7591
2025-06-21 10:00:00,99.57754464738257,3309
2025-06-21 10:01:00,99.61728774846557,7268
2025-06-21 10:02:00,99.56889005402297,1910
2025-06-21 10:03:00,99.61454209981952,5340
2025-06-21 10:04:00,99.68574743961723,5009
2025-06-21 10:05:00,99.70747818768352,7628
2025-06-21 10:06:00,99.80616038749889,3169
2025-06-21 10:07:00,99.76547239494093,3172
2025-06-21 10:08:00,99.70005556478205,6668
2025-06-21 10:09:00,99.60664067855025,7313
2025-06-21 10:10:00,99.68521687304684,9315
2025-06-21 10:11:00,99.71960926268869,9036
2025-06-21 10:12:00,99.71669487510681,7789
2025-06-21 10:13:00,99.73141672523222,1785
2025-06-21 10:14:00,99.67228202794284,7139
2025-06-21 10:15:00,99.80085181205898,7344
2025-06-21 10:16:00,99.80765596579518,3416
2025-06-21 10:17:00,99.81341758528524,9988
2025-06-21 10:18:00,99.85161171206373,5154
2025-06-21 10:19:00,99.87693565087245,6619
2025-06-21 10:20:00,99.88872848581458,2936
2025-06-21 10:21:00,99.84712878295818,4807
2025-06-21 10:22:00,99.87194937921976,8151
2025-06-21 10:23:00,99.97106985472682,4236
2025-06-21 10:24:00,100.04199129006403,3352
2025-06-21 10:25:00,100.12603708866209,2932
2025-06-21 10:26:00,100.09907028337499,9556
2025-06-21 10:27:00,100.04688241838284,5916
2025-06-21 10:28:00,100.04025692459146,6498
2025-06-21 10:29:00,100.04320205826644,1946
2025-06-21 10:30:00,100.10091951940025,2439
2025-06-21 10:31:00,100.01167553771813,8730
2025-06-21 10:32:00,100.0923387867454,5857
2025-06-21 10:33:00,100.08401064688671,1340
2025-06-21 10:34:00,100.06150261939828,1382
2025-06-21 10:35:00,100.00814840643666,9491
2025-06-21 10:36:00,99.92096766119694,1138
2025-06-21 10:37:00,99.9643346193696,1358
2025-06-21 10:38:00,99.96820445422203,5931
2025-06-21 10:39:00,99.90026919813587,4456
2025-06-21 10:40:00,99.83211082565727,2627
2025-06-21 10:41:00,99.8144516249642,7626
2025-06-21 10:42:00,99.9022991316485,6004
2025-06-21 10:43:00,99.88863870492827,7652
2025-06-21 10:44:00,99.80954260764112,7416
2025-06-21 10:45:00,99.79662324603278,4170
2025-06-21 10:46:00,99.78228664499329,4835
2025-06-21 10:47:00,99.6405653613532,9017
2025-06-21 10:48:00,99.63772101625919,3151
2025-06-21 10:49:00,99.62560144839314,7905
2025-06-21 10:50:00,99.66217099504844,3834
2025-06-21 10:51:00,99.75934459196226,3567
2025-06-21 10:52:00,99.81860141275683,2307
2025-06-21 10:53:00,99.80446337483956,9848
2025-06-21 10:54:00,99.74628226971134,3660
2025-06-21 10:55:00,99.881664846885,4730
2025-06-21 10:56:00,99.88478922415179,7207
2025-06-21 10:57:00,99.88552945567606,4162
2025-06-21 10:58:00,99.88426635192114,2140
2025-06-21 10:59:00,99.8947017343969,9458
2025-06-21 11:00:00,99.88710850995037,2708
2025-06-21 11:01:00,99.85691949936412,4630
2025-06-21 11:02:00,99.8281498208421,4211
2025-06-21 11:03:00,99.8264334857572,7538
2025-06-21 11:04:00,99.79785322114492,1475
2025-06-21 11:05:00,99.76037286695814,8684
2025-06-21 11:06:00,99.765975876063,2207
2025-06-21 11:07:00,99.75257667411026,2960
2025-06-21 11:08:00,99.831686218479,1557
2025-06-21 11:09:00,99.69230732659848,1882
2025-06-21 11:10:00,99.74968120739645,5761
2025-06-21 11:11:00,99.81521971601613,6867
2025-06-21 11:12:00,99.70621087824478,7963
2025-06-21 11:13:00,99.68821126703867,8166
2025-06-21 11:14:00,99.66870448385701,8929
2025-06-21 11:15:00,99.59480220044102,6347
2025-06-21 11:16:00,99.55398905153713,8269
2025-06-21 11:17:00,99.49574158635745,9125
2025-06-21 11:18:00,99.58767801008156,3454
2025-06-21 11:19:00,99.63680828726388,5494
2025-06-21 11:20:00,99.70361102908974,2946
2025-06-21 11:21:00,99.74154789307521,3808
2025-06-21 11:22:00,99.68222001310473,7642
2025-06-21 11:23:00,99.65467394601724,4825
2025-06-21 11:24:00,99.68038741977423,4536
2025-06-21 11:25:00,99.61620908827524,7068
2025-06-21 11:26:00,99.65365713772682,4802
2025-06-21 11:27:00,99.64104246466236,5699
2025-06-21 11:28:00,99.62136744714587,2970
2025-06-21 11:29:00,99.65871036597714,6806
2025-06-21 11:30:00,99.68205484081244,7142
2025-06-21 11:31:00,99.66309946605107,3819
2025-06-21 11:32:00,99.724021192044,1364
2025-06-21 11:33:00,99.6672245018118,5258
2025-06-21 11:34:00,99.69959130661307,4119
2025-06-21 11:35:00,99.73076837954757,2863
2025-06-21 11:36:00,99.71450602537264,1115
2025-06-21 11:37:00,99.73165407105849,8084
2025-06-21 11:38:00,99.66592013995295,9016
2025-06-21 11:39:00,99.7144766870056,3384
2025-06-21 11:40:00,99.70476671097717,4935
2025-06-21 11:41:00,99.67730883082243,8742
2025-06-21 11:42:00,99.73244022612671,6442
2025-06-21 11:43:00,99.69543117245065,3490
2025-06-21 11:44:00,99.62145921278768,7980
2025-06-21 11:45:00,99.53976864255974,8661
2025-06-21 11:46:00,99.57157316810779,2724
2025-06-21 11:47:00,99.504407315953,9182
2025-06-21 11:48:00,99.59648422290253,3767
2025-06-21 11:49:00,99.48726652006391,2137
2025-06-21 11:50:00,99.57626587431083,5117
2025-06-21 11:51:00,99.58734787698918,4420
2025-06-21 11:52:00,99.58227872706534,6845
2025-06-21 11:53:00,99.5536899579744,5778
2025-06-21 11:54:00,99.57464150887935,4906
2025-06-21 11:55:00,99.57267335734076,4637
2025-06-21 11:56:00,99.63059774198521,3953
2025-06-21 11:57:00,99.63660292822254,6929
2025-06-21 11:58:00,99.64450297212551,1276
2025-06-21 11:59:00,99.62541580156946,2999
2025-06-21 12:00:00,99.62243270915555,2227
2025-06-21 12:01:00,99.63860226594406,7337
2025-06-21 12:02:00,99.54884159367967,4735
2025-06-21 12:03:00,99.47813858919805,1695
2025-06-21 12:04:00,99.51712216004171,5152
2025-06-21 12:05:00,99.5260913893363,8901
2025-06-21 12:06:00,99.5164479486979,8470
2025-06-21 12:07:00,99.51742171993793,8537
2025-06-21 12:08:00,99.53566106215727,3841
2025-06-21 12:09:00,99.50735626099903,5208
2025-06-21 12:10:00,99.46655336209572,9733
2025-06-21 12:11:00,99.47682768924724,2088
2025-06-21 12:12:00,99.42555281624978,4363
2025-06-21 12:13:00,99.4469552307998,1024
2025-06-21 12:14:00,99.35776439144377,7144
2025-06-21 12:15:00,99.41167882173566,6668
2025-06-21 12:16:00,99.43645034598292,5236
2025-06-21 12:17:00,99.44987606426827,9068
2025-06-21 12:18:00,99.50140375509129,3235
2025-06-21 12:19:00,99.58878956681139,8295
2025-06-21 12:20:00,99.64205287638242,9392
2025-06-21 12:21:00,99.54543137116168,9448
2025-06-21 12:22:00,99.47832784322058,4747
2025-06-21 12:23:00,99.44558110295861,4175
2025-06-21 12:24:00,99.44695551356612,5897
2025-06-21 12:25:00,99.47409826172311,6037
2025-06-21 12:26:00,99.43606354320174,8427
2025-06-21 12:27:00,99.44585889276858,9605
2025-06-21 12:28:00,99.40628211550397,3014
2025-06-21 12:29:00,99.37425571498278,2381
2025-06-21 12:30:00,99.30061627613748,2098
2025-06-21 12:31:00,99.2523165685769,4426
2025-06-21 12:32:00,99.18164125225718,4655
2025-06-21 12:33:00,99.13064912292688,8938
2025-06-21 12:34:00,99.18572033092163,1187
2025-06-21 12:35:00,99.13610936222263,6409
2025-06-21 12:36:00,99.27375187692985,3092
2025-06-21 12:37:00,99.29957343929897,3130
2025-06-21 12:38:00,99.30925429246322,6242
2025-06-21 12:39:00,99.26434440882254,9549
2025-06-21 12:40:00,99.30099611115075,6647
2025-06-21 12:41:00,99.27088086646584,6185
2025-06-21 12:42:00,99.27727156195229,6776
2025-06-21 12:43:00,99.41132201370132,8913
2025-06-21 12:44:00,99.40629604666675,8547
2025-06-21 12:45:00,99.46653359794145,8823
2025-06-21 12:46:00,99.4296843872134,8355
2025-06-21 12:47:00,99.42785777040243,7465
2025-06-21 12:48:00,99.52070340906715,2497
2025-06-21 12:49:00,99.48783006446637,3555
2025-06-21 12:50:00,99.58291756433402,6409
2025-06-21 12:51:00,99.62007763433677,3951
2025-06-21 12:52:00,99.59055695170646,2238
2025-06-21 12:53:00,99.62376374633,5727
2025-06-21 12:54:00,99.67484902650394,4965
2025-06-21 12:55:00,99.70752700707644,6686
2025-06-21 12:56:00,99.62505199633237,4701
2025-06-21 12:57:00,99.58688642613018,3780
2025-06-21 12:58:00,99.57390270303894,8398
2025-06-21 12:59:00,99.57000342381363,2588
2025-06-21 13:00:00,99.60258729877552,3368
2025-06-21 13:01:00,99.61192309786709,6789
2025-06-21 13:02:00,99.54184897123088,1436
2025-06-21 13:03:00,99.56180426484667,3828
2025-06-21 13:04:00,99.59385601687043,2556
2025-06-21 13:05:00,99.62325099044735,8570
2025-06-21 13:06:00,99.68002161946151,8480
2025-06-21 13:07:00,99.72384909511176,1182
2025-06-21 13:08:00,99.74799302668858,8190
2025-06-21 13:09:00,99.7443112832473,7687
2025-06-21 13:10:00,99.65703991446443,6565
2025-06-21 13:11:00,99.67961460383711,8241
2025-06-21 13:12:00,99.69053315648922,8651
2025-06-21 13:13:00,99.70481026776847,6575
2025-06-21 13:14:00,99.63774783176162,2589
2025-06-21 13:15:00,99.58100063376517,9851
2025-06-21 13:16:00,99.63629635494607,1159
2025-06-21 13:17:00,99.63422613825851,7555
2025-06-21 13:18:00,99.67002634853897,9244
2025-06-21 13:19:00,99.6715208658555,7846
2025-06-21 13:20:00,99.67309093461486,3307
2025-06-21 13:21:00,99.72240028517187,2228
2025-06-21 13:22:00,99.6952884526519,8226
2025-06-21 13:23:00,99.70034607726346,6590
2025-06-21 13:24:00,99.67606491896245,7919
2025-06-21 13:25:00,99.65324867179427,6585
2025-06-21 13:26:00,99.63701861474686,7046
2025-06-21 13:27:00,99.64869119942078,5945
2025-06-21 13:28:00,99.62355766493525,8927
2025-06-21 13:29:00,99.68952142574835,8016
2025-06-21 13:30:00,99.64253587040467,8758
2025-06-21 13:31:00,99.63272947882456,6086
2025-06-21 13:32:00,99.60964832810072,8161
2025-06-21 13:33:00,99.68564896332582,2884
2025-06-21 13:34:00,99.69598320316992,2809
2025-06-21 13:35:00,99.75022252439327,4167
2025-06-21 13:36:00,99.67215967197454,7352
2025-06-21 13:37:00,99.68619622393463,7056
2025-06-21 13:38:00,99.73295463391544,3437
2025-06-21 13:39:00,99.73728681983876,7468
2025-06-21 13:40:00,99.79331769670013,6951
2025-06-21 13:41:00,99.76612118703474,6276
2025-06-21 13:42:00,99.84026105856849,9859
2025-06-21 13:43:00,99.96131034037204,8818
2025-06-21 13:44:00,99.9422032359726,5728
2025-06-21 13:45:00,99.91874645571751,3624
2025-06-21 13:46:00,99.99532056879306,6738
2025-06-21 13:47:00,100.078609046295,5232
2025-06-21 13:48:00,100.05104098843842,6793
2025-06-21 13:49:00,100.02889329496298,5523
2025-06-21 13:50:00,100.01404569952184,6571
2025-06-21 13:51:00,99.94320902622772,3224
2025-06-21 13:52:00,99.89483796375968,9389
2025-06-21 13:53:00,99.84199167370814,7091
2025-06-21 13:54:00,99.80160423363802,9662
2025-06-21 13:55:00,99.7997867535606,7361
2025-06-21 13:56:00,99.81211393090835,2948
2025-06-21 13:57:00,99.89371921732706,8094
2025-06-21 13:58:00,99.84117802150273,7318
2025-06-21 13:59:00,99.8929943475846,4796
2025-06-21 14:00:00,99.88173578505452,1234
2025-06-21 14:01:00,99.87913887175444,4607
2025-06-21 14:02:00,99.9146752525959,9043
2025-06-21 14:03:00,99.85557751842161,1522
2025-06-21 14:04:00,99.87571213779057,6904
2025-06-21 14:05:00,99.88448135668686,5888
2025-06-21 14:06:00,99.91041613775452,6832
2025-06-21 14:07:00,99.92565111008157,8122
2025-06-21 14:08:00,100.05505122935281,6842
2025-06-21 14:09:00,100.0214334743881,2316
2025-06-21 14:10:00,99.99345233975322,2124
2025-06-21 14:11:00,99.96062443460939,6621
2025-06-21 14:12:00,99.9313709705968,6423
2025-06-21 14:13:00,99.89781334946984,3587
2025-06-21 14:14:00,99.96044254735023,6672
2025-06-21 14:15:00,100.03531504755885,2378
2025-06-21 14:16:00,100.00523492381966,4374
2025-06-21 14:17:00,99.96138020004301,2519
2025-06-21 14:18:00,99.98622641514437,6777
2025-06-21 14:19:00,99.95713688986108,8935
2025-06-21 14:20:00,99.99049353313679,7093
2025-06-21 14:21:00,100.0011950150878,9418
2025-06-21 14:22:00,99.92134617152166,6355
2025-06-21 14:23:00,100.00288289462061,5968
2025-06-21 14:24:00,100.09758844818015,6574
2025-06-21 14:25:00,100.06527229938345,5072
2025-06-21 14:26:00,100.04483433194795,3257
2025-06-21 14:27:00,100.0599156000198,9588
2025-06-21 14:28:00,100.07756208666487,5424
2025-06-21 14:29:00,100.11231031881942,4237
2025-06-21 14:30:00,100.21843955649518,4893
2025-06-21 14:31:00,100.20910064198294,3005
2025-06-21 14:32:00,100.16695453041382,3016
2025-06-21 14:33:00,100.09417006655043,2772
2025-06-21 14:34:00,100.05562476803668,9353
2025-06-21 14:35:00,100.05388481552403,4976
2025-06-21 14:36:00,100.1485690059013,2751
2025-06-21 14:37:00,100.12125864391027,9967
2025-06-21 14:38:00,100.13307525675036,8430
2025-06-21 14:39:00,100.13221549965472,8170
2025-06-21 14:40:00,100.19495873927985,7469
2025-06-21 14:41:00,100.32849528554915,4220
2025-06-21 14:42:00,100.30043502603245,1539
2025-06-21 14:43:00,100.27457210337623,2461
2025-06-21 14:44:00,100.32977747082637,6184
2025-06-21 14:45:00,100.36584827600973,9547
2025-06-21 14:46:00,100.46358890925197,1234
2025-06-21 14:47:00,100.49451903661095,2548
2025-06-21 14:48:00,100.47549781600222,8480
2025-06-21 14:49:00,100.50678793120352,5213
2025-06-21 14:50:00,100.56554202224049,2673
2025-06-21 14:51:00,100.60904617946937,7708
2025-06-21 14:52:00,100.63595528577807,8982
2025-06-21 14:53:00,100.69255440260683,3100
2025-06-21 14:54:00,100.75463461574304,4748
2025-06-21 14:55:00,100.82806425469164,4173
2025-06-21 14:56:00,100.86255028125841,2815
2025-06-21 14:57:00,100.85367380748161,4841
2025-06-21 14:58:00,100.86147961372885,9016
2025-06-21 14:59:00,100.92564342723672,8011
2025-06-21 15:00:00,100.88220494853218,5493
2025-06-21 15:01:00,100.90181606901993,1674
2025-06-21 15:02:00,100.88090751357446,9088
2025-06-21 15:03:00,100.88244286168504,9578
2025-06-21 15:04:00,100.95044770045939,3158
2025-06-21 15:05:00,100.9606227561269,3661
2025-06-21 15:06:00,100.96310072915409,3064
2025-06-21 15:07:00,100.89077268733537,4253
2025-06-21 15:08:00,100.9304688672567,5979
2025-06-21 15:09:00,100.9648182689863,8703
2025-06-21 15:10:00,101.08000449405414,9931
2025-06-21 15:11:00,101.0636163137072,2401
2025-06-21 15:12:00,101.07529709360736,4259
2025-06-21 15:13:00,101.08858999449886,4923
2025-06-21 15:14:00,101.17267609839207,5214
2025-06-21 15:15:00,101.16760183813254,4227
2025-06-21 15:16:00,101.1824873886148,3745
2025-06-21 15:17:00,101.21491742700657,7091
2025-06-21 15:18:00,101.22487959953759,4866
2025-06-21 15:19:00,101.2010721083791,6818
2025-06-21 15:20:00,101.21143197023045,3222
2025-06-21 15:21:00,101.26872606408922,3792
2025-06-21 15:22:00,101.21395939685311,5063
2025-06-21 15:23:00,101.22105986751271,2524
2025-06-21 15:24:00,101.18372361118011,9224
2025-06-21 15:25:00,101.24748076636848,7198
2025-06-21 15:26:00,101.16623994488833,5025
2025-06-21 15:27:00,101.13645004111056,3566
2025-06-21 15:28:00,101.15656581161394,3803
2025-06-21 15:29:00,101.24007193283326,4709
2025-06-21 15:30:00,101.23657070816202,7155
2025-06-21 15:31:00,101.20695864562447,1719
2025-06-21 15:32:00,101.3073577701696,7516
2025-06-21 15:33:00,101.23007952455303,5579
2025-06-21 15:34:00,101.11284174070364,1972
2025-06-21 15:35:00,101.13630035789505,4718
2025-06-21 15:36:00,101.10954966702991,8395
2025-06-21 15:37:00,101.05515043176614,5402
2025-06-21 15:38:00,101.0928920846441,5552
2025-06-21 15:39:00,101.10588979668577,3207
2025-06-21 15:40:00,101.07584295318645,5426
2025-06-21 15:41:00,101.00766905015855,7919
2025-06-21 15:42:00,101.05413263839803,9835
2025-06-21 15:43:00,101.08877544032114,9386
2025-06-21 15:44:00,101.08349866054208,9680
2025-06-21 15:45:00,101.18193442246628,3204
2025-06-21 15:46:00,101.12489252237141,6345
2025-06-21 15:47:00,101.0436255418475,4276
2025-06-21 15:48:00,101.00679194030799,2102
2025-06-21 15:49:00,101.00437220051101,6243
2025-06-21 15:50:00,101.01733397328128,7614
2025-06-21 15:51:00,101.00449820087032,9707
2025-06-21 15:52:00,101.0232482879204,6223
2025-06-21 15:53:00,100.95664039787069,9584
2025-06-21 15:54:00,101.03349766224034,1630
2025-06-21 15:55:00,101.02913027774625,7683
2025-06-21 15:56:00,101.08864749911285,1277
2025-06-21 15:57:00,101.10691602616076,1232
2025-06-21 15:58:00,101.131265455362,6690
2025-06-21 15:59:00,101.16164612503414,8659
2025-06-21 16:00:00,101.18552638691271,1025
2025-06-21 16:01:00,101.21981527659644,8468
2025-06-21 16:02:00,101.29075415271778,7410
2025-06-21 16:03:00,101.30125299677464,9652
2025-06-21 16:04:00,101.33912113610407,4764
2025-06-21 16:05:00,101.33433546663906,7599
2025-06-21 16:06:00,101.41128531900563,6102
2025-06-21 16:07:00,101.37514668851021,8006
2025-06-21 16:08:00,101.47142257134621,4483
2025-06-21 16:09:00,101.46928198791122,2994
2025-06-21 16:10:00,101.39280143967355,9682
2025-06-21 16:11:00,101.39965444562539,2072
2025-06-21 16:12:00,101.36327104219703,7707
2025-06-21 16:13:00,101.40819784819467,1215
2025-06-21 16:14:00,101.37333021430443,8605
2025-06-21 16:15:00,101.34950117209668,3606
2025-06-21 16:16:00,101.24862696843937,9350
2025-06-21 16:17:00,101.2245005827827,5781
2025-06-21 16:18:00,101.09527621446605,4313
2025-06-21 16:19:00,101.01092511037145,8763
2025-06-21 16:20:00,101.0514227646174,6939
2025-06-21 16:21:00,101.09328920721663,3295
2025-06-21 16:22:00,101.11596750790912,6685
2025-06-21 16:23:00,101.06445479509522,2696
2025-06-21 16:24:00,101.06192046909655,2946
2025-06-21 16:25:00,101.06173560069962,3783
2025-06-21 16:26:00,101.0000620631022,4644
2025-06-21 16:27:00,101.08012925401175,6241
2025-06-21 16:28:00,101.12688760102658,7420
2025-06-21 16:29:00,101.11511823867684,8557
2025-06-21 16:30:00,101.1165580802613,3645
2025-06-21 16:31:00,101.1276710798326,7589
2025-06-21 16:32:00,101.01891427507772,7353
2025-06-21 16:33:00,101.00576201667019,2932
2025-06-21 16:34:00,100.96947031817466,2757
2025-06-21 16:35:00,100.91618959961599,6085
2025-06-21 16:36:00,100.90124669172413,6637
2025-06-21 16:37:00,100.99689930647502,2116
2025-06-21 16:38:00,101.03102417488222,1492
2025-06-21 16:39:00,101.00062161306184,9811
2025-06-21 16:40:00,101.03111295613688,8888
2025-06-21 16:41:00,101.1056604406349,7474
2025-06-21 16:42:00,101.15495076246887,5958
2025-06-21 16:43:00,101.15813693149194,3743
2025-06-21 16:44:00,101.12365838662701,8866
2025-06-21 16:45:00,101.1608853612277,8160
2025-06-21 16:46:00,101.18187381423908,6451
2025-06-21 16:47:00,101.22963055071537,6258
2025-06-21 16:48:00,101.26353138631958,9548
2025-06-21 16:49:00,101.31956914173215,8186
2025-06-21 16:50:00,101.29099859208105,7102
2025-06-21 16:51:00,101.36135919217395,1619
2025-06-21 16:52:00,101.37192297276208,1882
2025-06-21 16:53:00,101.48286708234545,9988
2025-06-21 16:54:00,101.44601880626243,4642
2025-06-21 16:55:00,101.53888466749511,2296
2025-06-21 16:56:00,101.54948360429653,9436
2025-06-21 16:57:00,101.51463191468002,3895
2025-06-21 16:58:00,101.48875296386653,7593
2025-06-21 16:59:00,101.47162631349416,1929
2025-06-21 17:00:00,101.49432039533444,6366
2025-06-21 17:01:00,101.52229892161772,9711
2025-06-21 17:02:00,101.4916136728166,4212
2025-06-21 17:03:00,101.49031798305005,3409
2025-06-21 17:04:00,101.60497999714269,9199
2025-06-21 17:05:00,101.69754003373653,4423
2025-06-21 17:06:00,101.72093643447973,7976
2025-06-21 17:07:00,101.72298094780102,8594
2025-06-21 17:08:00,101.72942342161461,6158
2025-06-21 17:09:00,101.76233025673676,4667
2025-06-21 17:10:00,101.70749620104353,6973
2025-06-21 17:11:00,101.69370764349254,7236
2025-06-21 17:12:00,101.60432242737261,9277
2025-06-21 17:13:00,101.62571020399137,3468
2025-06-21 17:14:00,101.66038793089986,7217
2025-06-21 17:15:00,101.63450928535867,4619
2025-06-21 17:16:00,101.71886364621908,2636
2025-06-21 17:17:00,101.65317795831906,9155
2025-06-21 17:18:00,101.5747600354027,4583
2025-06-21 17:19:00,101.58678373890994,5009
2025-06-21 17:20:00,101.6428688932507,4326
2025-06-21 17:21:00,101.73312484141239,9148
2025-06-21 17:22:00,101.70853039352215,3217
2025-06-21 17:23:00,101.76637669667535,5967
2025-06-21 17:24:00,101.76431836012218,3369
2025-06-21 17:25:00,101.75506706782937,4638
2025-06-21 17:26:00,101.80247552952167,6722
2025-06-21 17:27:00,101.83748875220233,5444
2025-06-21 17:28:00,101.75292115144978,8618
2025-06-21 17:29:00,101.83214368360603,4947
2025-06-21 17:30:00,101.90624755613268,2676
2025-06-21 17:31:00,101.8726616287164,2196
2025-06-21 17:32:00,101.8939222491925,3787
2025-06-21 17:33:00,101.92046359168926,8432
2025-06-21 17:34:00,101.93447419316875,8927
2025-06-21 17:35:00,101.90492086096054,4318
2025-06-21 17:36:00,101.8688623618057,9858
2025-06-21 17:37:00,101.86749745720833,7689
2025-06-21 17:38:00,101.93048651148197,3176
2025-06-21 17:39:00,101.95970110866914,4743
2025-06-21 17:40:00,101.93979425221777,9792
2025-06-21 17:41:00,101.98127081507572,5422
2025-06-21 17:42:00,101.82828687157809,4824
2025-06-21 17:43:00,101.88996482449828,3451
2025-06-21 17:44:00,101.79659081726923,1628
2025-06-21 17:45:00,101.77715423697585,8778
2025-06-21 17:46:00,101.71711850322525,4696
2025-06-21 17:47:00,101.64774184397577,4674
2025-06-21 17:48:00,101.70995698259638,4929
2025-06-21 17:49:00,101.68489561148652,3765
2025-06-21 17:50:00,101.70347442973855,5369
2025-06-21 17:51:00,101.70096646600497,9307
2025-06-21 17:52:00,101.72654666562492,5956
2025-06-21 17:53:00,101.73067258841851,1692
2025-06-21 17:54:00,101.66191299893379,4162
2025-06-21 17:55:00,101.71531458635931,2105
2025-06-21 17:56:00,101.68885545432141,4008
2025-06-21 17:57:00,101.60547213057532,3161
2025-06-21 17:58:00,101.58255586791172,9345
2025-06-21 17:59:00,101.66294345291348,4699
2025-06-21 18:00:00,101.70851652007872,4786
2025-06-21 18:01:00,101.68983576815639,5200
2025-06-21 18:02:00,101.6711259976143,2913
2025-06-21 18:03:00,101.6538995784899,6520
2025-06-21 18:04:00,101.76523205186108,2772
2025-06-21 18:05:00,101.78572628513558,3780
2025-06-21 18:06:00,101.80880589287105,8423
2025-06-21 18:07:00,101.86411087919286,3871
2025-06-21 18:08:00,101.87693865827212,1660
2025-06-21 18:09:00,101.86303770850441,7242
2025-06-21 18:10:00,101.8525039840163,2132
2025-06-21 18:11:00,101.84866750337392,1699
2025-06-21 18:12:00,101.84667654467641,8470
2025-06-21 18:13:00,101.88574874459502,7297
2025-06-21 18:14:00,101.88854527475675,8812
2025-06-21 18:15:00,101.92790270621256,5557
2025-06-21 18:16:00,101.92357372354037,3179
2025-06-21 18:17:00,101.92780504915089,9275
2025-06-21 18:18:00,101.82052394504494,2422
2025-06-21 18:19:00,101.86971682110297,4180
2025-06-21 18:20:00,101.88832858069432,5316
2025-06-21 18:21:00,101.94194276474832,7696
2025-06-21 18:22:00,101.78645817890018,1614
2025-06-21 18:23:00,101.8985602460498,5570
2025-06-21 18:24:00,101.89107090075467,1270
2025-06-21 18:25:00,101.95060623158442,3468
2025-06-21 18:26:00,101.89475167715796,4607
2025-06-21 18:27:00,101.9276720199217,4075
2025-06-21 18:28:00,101.87110468464283,1289
2025-06-21 18:29:00,101.83762661515884,9120
2025-06-21 18:30:00,101.94041760549803,7614
2025-06-21 18:31:00,101.93018034486543,4252
2025-06-21 18:32:00,101.94186900534753,8415
2025-06-21 18:33:00,101.98863387865129,7771
2025-06-21 18:34:00,102.0152886982855,1278
2025-06-21 18:35:00,102.02338364372285,1580
2025-06-21 18:36:00,102.0430169518467,5958
2025-06-21 18:37:00,102.17236498474675,9445
2025-06-21 18:38:00,102.169269379816,5276
2025-06-21 18:39:00,102.18010581753693,8997
2025-06-21 18:40:00,102.2367101541871,5776
2025-06-21 18:41:00,102.2963041976282,1824
2025-06-21 18:42:00,102.3603299334559,4832
2025-06-21 18:43:00,102.39480146584995,9891
2025-06-21 18:44:00,102.33314283218445,6445
2025-06-21 18:45:00,102.42128586658954,2380
2025-06-21 18:46:00,102.35943107201348,7534
2025-06-21 18:47:00,102.37576610918457,4156
2025-06-21 18:48:00,102.33508301847452,5307
2025-06-21 18:49:00,102.33163086077101,6634
2025-06-21 18:50:00,102.34937081374414,9575
2025-06-21 18:51:00,102.36671431625062,6810
2025-06-21 18:52:00,102.38948742448719,9533
2025-06-21 18:53:00,102.47661389508413,6934
2025-06-21 18:54:00,102.50111929140093,4109
2025-06-21 18:55:00,102.48793722403863,5082
2025-06-21 18:56:00,102.54003359981817,4240
2025-06-21 18:57:00,102.60434384054507,7028
2025-06-21 18:58:00,102.53798679331939,2849
2025-06-21 18:59:00,102.57028385173622,9497
2025-06-21 19:00:00,102.60820288000987,3749
2025-06-21 19:01:00,102.59211924882672,7680
2025-06-21 19:02:00,102.66653891235734,1205
2025-06-21 19:03:00,102.6584268521003,8352
2025-06-21 19:04:00,102.66522861362542,5591
2025-06-21 19:05:00,102.6558713697601,4450
2025-06-21 19:06:00,102.65672139710004,8214
2025-06-21 19:07:00,102.59743186278023,4811
2025-06-21 19:08:00,102.51959979744106,6141
2025-06-21 19:09:00,102.60579834626095,9501
2025-06-21 19:10:00,102.5600137105158,3708
2025-06-21 19:11:00,102.50644623034853,2991
2025-06-21 19:12:00,102.39018105324554,9463
2025-06-21 19:13:00,102.35571280247018,4273
2025-06-21 19:14:00,102.28436912286523,5538
2025-06-21 19:15:00,102.37293327774536,9712
2025-06-21 19:16:00,102.42743984939246,4722
2025-06-21 19:17:00,102.39030458697916,4551
2025-06-21 19:18:00,102.51193529521522,3832
2025-06-21 19:19:00,102.56499949322836,6679
2025-06-21 19:20:00,102.54744886953424,7579
2025-06-21 19:21:00,102.41245890872034,1152
2025-06-21 19:22:00,102.53619686979401,6754
2025-06-21 19:23:00,102.46113714538608,3800
2025-06-21 19:24:00,102.37232834116148,6310
2025-06-21 19:25:00,102.4275230654276,3610
2025-06-21 19:26:00,102.559322605772,2104
2025-06-21 19:27:00,102.63418183838841,8361
2025-06-21 19:28:00,102.66469701663875,5199
2025-06-21 19:29:00,102.69689078298059,4854
2025-06-21 19:30:00,102.74310029021981,8263
2025-06-21 19:31:00,102.78421191093994,2914
2025-06-21 19:32:00,102.79945289059289,8365
2025-06-21 19:33:00,102.80510580785513,4072
2025-06-21 19:34:00,102.80172151633583,1406
2025-06-21 19:35:00,102.76088601309132,1166
2025-06-21 19:36:00,102.74569298265631,1508
2025-06-21 19:37:00,102.654064450554,2661
2025-06-21 19:38:00,102.64875120447725,4664
2025-06-21 19:39:00,102.59528884634845,4489
2025-06-21 19:40:00,102.53563952320462,1680
2025-06-21 19:41:00,102.54536876997966,3524
2025-06-21 19:42:00,102.6206358713161,3120
2025-06-21 19:43:00,102.67032293303015,6260
2025-06-21 19:44:00,102.58538227201865,5357
2025-06-21 19:45:00,102.53189687810843,2363
2025-06-21 19:46:00,102.58275499308331,3292
2025-06-21 19:47:00,102.52965683881443,2538
2025-06-21 19:48:00,102.51752597879069,4408
2025-06-21 19:49:00,102.54725753770718,8742
2025-06-21 19:50:00,102.49494175010149,9752
2025-06-21 19:51:00,102.50064136658762,2903
2025-06-21 19:52:00,102.42860630795526,1174
2025-06-21 19:53:00,102.39615396197817,3230
2025-06-21 19:54:00,102.41342036368964,5287
2025-06-21 19:55:00,102.32747915062673,5160
2025-06-21 19:56:00,102.35124439865292,8106
2025-06-21 19:57:00,102.35019217345905,4171
2025-06-21 19:58:00,102.38000674732014,2567
2025-06-21 19:59:00,102.39209675390366,2151
2025-06-21 20:00:00,102.46574668733228,8619
2025-06-21 20:01:00,102.47251667451704,7033
2025-06-21 20:02:00,102.44933518242537,9560
2025-06-21 20:03:00,102.45594603004297,5946
2025-06-21 20:04:00,102.48529491157142,9234
2025-06-21 20:05:00,102.4879412147021,2907
2025-06-21 20:06:00,102.49014095176541,4490
2025-06-21 20:07:00,102.45223556228547,3535
2025-06-21 20:08:00,102.41645421999966,5173
2025-06-21 20:09:00,102.34077918087227,2293
2025-06-21 20:10:00,102.43519905893919,5769
2025-06-21 20:11:00,102.36807437451773,5796
2025-06-21 20:12:00,102.33070419130316,7871
2025-06-21 20:13:00,102.291972758231,3972
2025-06-21 20:14:00,102.3402389483825,4922
2025-06-21 20:15:00,102.32433828261533,5997
2025-06-21 20:16:00,102.3916578312777,8032
2025-06-21 20:17:00,102.35532637186037,1992
2025-06-21 20:18:00,102.37038520481927,9112
2025-06-21 20:19:00,102.32533197400927,6287
2025-06-21 20:20:00,102.44109280060773,3240
2025-06-21 20:21:00,102.3770001132112,2476
2025-06-21 20:22:00,102.39372571400203,7426
2025-06-21 20:23:00,102.42794109014962,1389
2025-06-21 20:24:00,102.45028928098687,1999
2025-06-21 20:25:00,102.44029208289918,2855
2025-06-21 20:26:00,102.43329031597563,9125
2025-06-21 20:27:00,102.43566271050068,9850
2025-06-21 20:28:00,102.42773373771743,3763
2025-06-21 20:29:00,102.47978827383984,4663
2025-06-21 20:30:00,102.59925883950993,5986
2025-06-21 20:31:00,102.56912426925054,2481
2025-06-21 20:32:00,102.49510837646571,8256
2025-06-21 20:33:00,102.49034663809644,4731
2025-06-21 20:34:00,102.62979709976622,8262
2025-06-21 20:35:00,102.58634214743293,1451
2025-06-21 20:36:00,102.67501092621589,4093
2025-06-21 20:37:00,102.7658461239509,1882
2025-06-21 20:38:00,102.73587398833328,5408
2025-06-21 20:39:00,102.7666942211614,5068
2025-06-21 20:40:00,102.85493774887547,4277
2025-06-21 20:41:00,102.83439468937807,9566
2025-06-21 20:42:00,102.82336867474817,8951
2025-06-21 20:43:00,102.79185780068126,5690
2025-06-21 20:44:00,102.73690410613355,5595
2025-06-21 20:45:00,102.70176075480785,5559
2025-06-21 20:46:00,102.63553909637992,8291
2025-06-21 20:47:00,102.63738994071826,9160
2025-06-21 20:48:00,102.5957540799052,1112
2025-06-21 20:49:00,102.60840342218955,6131
2025-06-21 20:50:00,102.52430316469572,4197
2025-06-21 20:51:00,102.5421909753726,1139
2025-06-21 20:52:00,102.587255635098,2424
2025-06-21 20:53:00,102.47952160884127,3949
2025-06-21 20:54:00,102.49973405633598,4168
2025-06-21 20:55:00,102.56608390081186,9708
2025-06-21 20:56:00,102.50072220623333,7043
2025-06-21 20:57:00,102.5911259172628,7989
2025-06-21 20:58:00,102.61379201652338,8236
2025-06-21 20:59:00,102.57567761856866,7261
2025-06-21 21:00:00,102.57266979091098,1887
2025-06-21 21:01:00,102.60286481395491,4104
2025-06-21 21:02:00,102.60698212410986,1049
2025-06-21 21:03:00,102.6361285733081,4951
2025-06-21 21:04:00,102.58634487092452,4560
2025-06-21 21:05:00,102.59550936318495,1018
2025-06-21 21:06:00,102.51910176218777,5821
2025-06-21 21:07:00,102.51309925617636,7340
2025-06-21 21:08:00,102.46428064390716,9058
2025-06-21 21:09:00,102.42457432419059,3606
2025-06-21 21:10:00,102.4913305702245,8846
2025-06-21 21:11:00,102.5503046827105,9643
2025-06-21 21:12:00,102.58324024982649,7432
2025-06-21 21:13:00,102.52420725851148,4765
2025-06-21 21:14:00,102.50711867143762,3438
2025-06-21 21:15:00,102.57268556096155,7358
2025-06-21 21:16:00,102.58035426530174,9319
2025-06-21 21:17:00,102.70583167850182,6941
2025-06-21 21:18:00,102.72713159948256,8644
2025-06-21 21:19:00,102.73753717437317,5855
2025-06-21 21:20:00,102.72080780704432,7547
2025-06-21 21:21:00,102.72804491556815,8196
2025-06-21 21:22:00,102.71979729257225,6911
2025-06-21 21:23:00,102.7581472319281,7481
2025-06-21 21:24:00,102.80998080657002,3761
2025-06-21 21:25:00,102.7674074390134,5456
2025-06-21 21:26:00,102.69533605014408,7361
2025-06-21 21:27:00,102.59600627705655,6693
2025-06-21 21:28:00,102.62348561648115,6788
2025-06-21 21:29:00,102.56383193846105,1201
2025-06-21 21:30:00,102.44752864457196,7160
2025-06-21 21:31:00,102.46851905090791,1517
2025-06-21 21:32:00,102.603250728794,8737
2025-06-21 21:33:00,102.60292955989544,2988
2025-06-21 21:34:00,102.64828934837114,4802
2025-06-21 21:35:00,102.65272357342077,6808
2025-06-21 21:36:00,102.64738064035791,8162
2025-06-21 21:37:00,102.69712178060351,7241
2025-06-21 21:38:00,102.68141867366991,9399
2025-06-21 21:39:00,102.69589752469834,6633
2025-06-21 21:40:00,102.71331818528242,6755
2025-06-21 21:41:00,102.67716482481406,7309
2025-06-21 21:42:00,102.73087098025961,5117
2025-06-21 21:43:00,102.72140554283517,9345
2025-06-21 21:44:00,102.68050558331397,2518
2025-06-21 21:45:00,102.70955132737629,7163
2025-06-21 21:46:00,102.66093348462417,3600
2025-06-21 21:47:00,102.66246542493587,3195
2025-06-21 21:48:00,102.66197914593903,4554
2025-06-21 21:49:00,102.72075831382,3849
2025-06-21 21:50:00,102.74646815863774,2742
2025-06-21 21:51:00,102.74512003919244,2306
2025-06-21 21:52:00,102.78941993869826,4849
2025-06-21 21:53:00,102.86476886991711,8519
2025-06-21 21:54:00,102.89502186439533,5195
2025-06-21 21:55:00,102.89559043856411,6178
2025-06-21 21:56:00,102.82448032037424,3555
2025-06-21 21:57:00,102.76678167430508,3305
2025-06-21 21:58:00,102.75025829961514,8619
2025-06-21 21:59:00,102.71726312411423,3642
2025-06-21 22:00:00,102.70714873637398,7409
2025-06-21 22:01:00,102.71022245570394,5757
2025-06-21 22:02:00,102.73890747243395,3994
2025-06-21 22:03:00,102.73509729871475,9751
2025-06-21 22:04:00,102.7614500036343,2271
2025-06-21 22:05:00,102.76494913627937,2813
2025-06-21 22:06:00,102.65801695490632,9801
2025-06-21 22:07:00,102.6072134237369,3461
2025-06-21 22:08:00,102.59942876968299,5120
2025-06-21 22:09:00,102.53404292234983,7124
2025-06-21 22:10:00,102.56647543093581,9475
2025-06-21 22:11:00,102.64926417280537,5396
2025-06-21 22:12:00,102.71522861545895,1816
2025-06-21 22:13:00,102.70368152285987,8304
2025-06-21 22:14:00,102.78441276722535,8331
2025-06-21 22:15:00,102.79247385572931,1082
2025-06-21 22:16:00,102.77422051371013,2920
2025-06-21 22:17:00,102.74100697761905,8817
2025-06-21 22:18:00,102.72463690543323,3093
2025-06-21 22:19:00,102.70363004691703,8071
2025-06-21 22:20:00,102.71286215015465,8967
2025-06-21 22:21:00,102.72156223262107,9367
2025-06-21 22:22:00,102.72173427474355,6285
2025-06-21 22:23:00,102.74539957639568,5937
2025-06-21 22:24:00,102.8099023275331,1369
2025-06-21 22:25:00,102.86137448566352,2818
2025-06-21 22:26:00,102.78091278050736,3101
2025-06-21 22:27:00,102.64266630900589,4490
2025-06-21 22:28:00,102.69323019805469,2779
2025-06-21 22:29:00,102.61928290794569,8674
2025-06-21 22:30:00,102.607134291746,2364
2025-06-21 22:31:00,102.54388272001951,8294
2025-06-21 22:32:00,102.44654736373116,4676
2025-06-21 22:33:00,102.47579442927483,3426
2025-06-21 22:34:00,102.51681133209101,9264
2025-06-21 22:35:00,102.48567368777023,9089
2025-06-21 22:36:00,102.34582195914524,3962
2025-06-21 22:37:00,102.31636834220426,1859
2025-06-21 22:38:00,102.33750584220606,5138
2025-06-21 22:39:00,102.25777655911153,3424
2025-06-21 22:40:00,102.26766624448557,5017
2025-06-21 22:41:00,102.26684815198202,9560
2025-06-21 22:42:00,102.29808346494708,9342
2025-06-21 22:43:00,102.30453804669833,2134
2025-06-21 22:44:00,102.25209147517529,6166
2025-06-21 22:45:00,102.31660405220723,6119
2025-06-21 22:46:00,102.30806271406155,6694
2025-06-21 22:47:00,102.30659753892412,7136
2025-06-21 22:48:00,102.25629491523509,6485
2025-06-21 22:49:00,102.23241464045421,5164
2025-06-21 22:50:00,102.18475860696788,3346
2025-06-21 22:51:00,102.17545192726688,6039
2025-06-21 22:52:00,102.26767816182989,5897
2025-06-21 22:53:00,102.19376678955936,9252
2025-06-21 22:54:00,102.1069030447662,6041
2025-06-21 22:55:00,102.18611196657474,4901
2025-06-21 22:56:00,102.17484617841625,2337
2025-06-21 22:57:00,102.13882947276531,2184
2025-06-21 22:58:00,102.1948319476543,5426
2025-06-21 22:59:00,102.16222494326576,2551
2025-06-21 23:00:00,102.26059944032325,2629
2025-06-21 23:01:00,102.29715061145751,2526
2025-06-21 23:02:00,102.27085518989108,2361
2025-06-21 23:03:00,102.38721052298158,5370
2025-06-21 23:04:00,102.3545367756391,6283
2025-06-21 23:05:00,102.39458447958474,8610
2025-06-21 23:06:00,102.41074469367292,2993
2025-06-21 23:07:00,102.48103766707702,1869
2025-06-21 23:08:00,102.56542023702714,2014
2025-06-21 23:09:00,102.56715741375332,1602
2025-06-21 23:10:00,102.52644462801511,1690
2025-06-21 23:11:00,102.55130990057708,9685
2025-06-21 23:12:00,102.51469352888377,1489
2025-06-21 23:13:00,102.62354168141606,7864
2025-06-21 23:14:00,102.63093390927499,8240
2025-06-21 23:15:00,102.61118223736176,8786
2025-06-21 23:16:00,102.62117751628108,9024
2025-06-21 23:17:00,102.54834967705528,1294
2025-06-21 23:18:00,102.49585670902498,6488
2025-06-21 23:19:00,102.56073077985752,5027
2025-06-21 23:20:00,102.5252361171932,3912
2025-06-21 23:21:00,102.46868843271531,5744
2025-06-21 23:22:00,102.49768197909688,2873
2025-06-21 23:23:00,102.56176206944413,4258
2025-06-21 23:24:00,102.6006394321111,3817
2025-06-21 23:25:00,102.65452226352384,9636
2025-06-21 23:26:00,102.61359215211534,4641
2025-06-21 23:27:00,102.5367335530976,5458
2025-06-21 23:28:00,102.61790726569794,6307
2025-06-21 23:29:00,102.6004639337061,9933
2025-06-21 23:30:00,102.58690811068035,3041
2025-06-21 23:31:00,102.65875324539718,1679
2025-06-21 23:32:00,102.6888601212253,6738
2025-06-21 23:33:00,102.7135436768788,6668
2025-06-21 23:34:00,102.83081965930472,8697
2025-06-21 23:35:00,102.79595621113808,9033
2025-06-21 23:36:00,102.8462443784488,1062
2025-06-21 23:37:00,102.84934194824646,8829
2025-06-21 23:38:00,102.86390953263675,8352
2025-06-21 23:39:00,102.94681451660256,7915
2025-06-21 23:40:00,102.97437937342174,9326
2025-06-21 23:41:00,103.00360521753169,4644
2025-06-21 23:42:00,103.06185275433252,5970
2025-06-21 23:43:00,103.04203818056568,9003
2025-06-21 23:44:00,102.99647967710892,4278
2025-06-21 23:45:00,102.93978610919287,8296
2025-06-21 23:46:00,102.83316574087759,4074
2025-06-21 23:47:00,102.94467527650067,9312
2025-06-21 23:48:00,102.8848434757693,8552
2025-06-21 23:49:00,102.87285382516792,2637
2025-06-21 23:50:00,102.85785359046803,6103
2025-06-21 23:51:00,102.87452686260222,1644
2025-06-21 23:52:00,102.91877249383192,3032
2025-06-21 23:53:00,102.96546485493553,3761
2025-06-21 23:54:00,102.93383467185471,3068
2025-06-21 23:55:00,102.92477571625787,1241
2025-06-21 23:56:00,102.94011287227119,3668
2025-06-21 23:57:00,102.92662836526311,1802
2025-06-21 23:58:00,103.01386629253909,6059
2025-06-21 23:59:00,103.040533437053,1195
